millis,stamp,datetime,motion
998, 1563810355, 2019/7/22 15:45:55, Inactive
1999, 1563810356, 2019/7/22 15:45:56, Inactive
2999, 1563810357, 2019/7/22 15:45:57, Inactive
3999, 1563810358, 2019/7/22 15:45:58, Active
4999, 1563810359, 2019/7/22 15:45:59, Active
5999, 1563810360, 2019/7/22 15:46:0, Inactive
6999, 1563810361, 2019/7/22 15:46:1, Inactive
7999, 1563810362, 2019/7/22 15:46:2, Inactive
8999, 1563810363, 2019/7/22 15:46:3, Active
9999, 1563810364, 2019/7/22 15:46:4, Inactive
10999, 1563810365, 2019/7/22 15:46:5, Inactive
11999, 1563810366, 2019/7/22 15:46:6, Inactive
12999, 1563810367, 2019/7/22 15:46:7, Active
13999, 1563810368, 2019/7/22 15:46:8, Active
14999, 1563810369, 2019/7/22 15:46:9, Inactive
16000, 1563810370, 2019/7/22 15:46:10, Inactive
16999, 1563810371, 2019/7/22 15:46:11, Inactive
17999, 1563810372, 2019/7/22 15:46:12, Inactive
18999, 1563810373, 2019/7/22 15:46:13, Inactive
19999, 1563810374, 2019/7/22 15:46:14, Active
21000, 1563810375, 2019/7/22 15:46:15, Inactive
21999, 1563810376, 2019/7/22 15:46:16, Inactive
22999, 1563810377, 2019/7/22 15:46:17, Inactive
23999, 1563810378, 2019/7/22 15:46:18, Inactive
24999, 1563810379, 2019/7/22 15:46:19, Inactive
25999, 1563810380, 2019/7/22 15:46:20, Inactive
26999, 1563810381, 2019/7/22 15:46:21, Inactive
27999, 1563810382, 2019/7/22 15:46:22, Inactive
28999, 1563810383, 2019/7/22 15:46:23, Active
29999, 1563810384, 2019/7/22 15:46:24, Inactive
30999, 1563810385, 2019/7/22 15:46:25, Inactive
31998, 1563810386, 2019/7/22 15:46:26, Inactive
32999, 1563810387, 2019/7/22 15:46:27, Inactive
33999, 1563810388, 2019/7/22 15:46:28, Inactive
34999, 1563810389, 2019/7/22 15:46:29, Inactive
35999, 1563810390, 2019/7/22 15:46:30, Active
36999, 1563810391, 2019/7/22 15:46:31, Inactive
37999, 1563810392, 2019/7/22 15:46:32, Inactive
38999, 1563810393, 2019/7/22 15:46:33, Inactive
39999, 1563810394, 2019/7/22 15:46:34, Inactive
40999, 1563810395, 2019/7/22 15:46:35, Inactive
41999, 1563810396, 2019/7/22 15:46:36, Inactive
42999, 1563810397, 2019/7/22 15:46:37, Inactive
43999, 1563810398, 2019/7/22 15:46:38, Inactive
44999, 1563810399, 2019/7/22 15:46:39, Inactive
45999, 1563810400, 2019/7/22 15:46:40, Active
46999, 1563810401, 2019/7/22 15:46:41, Active
48000, 1563810402, 2019/7/22 15:46:42, Inactive
48999, 1563810403, 2019/7/22 15:46:43, Inactive
49999, 1563810404, 2019/7/22 15:46:44, Inactive
50999, 1563810405, 2019/7/22 15:46:45, Inactive
51999, 1563810406, 2019/7/22 15:46:46, Active
52999, 1563810407, 2019/7/22 15:46:47, Active
53999, 1563810408, 2019/7/22 15:46:48, Inactive
54999, 1563810409, 2019/7/22 15:46:49, Inactive
55999, 1563810410, 2019/7/22 15:46:50, Active
56999, 1563810411, 2019/7/22 15:46:51, Active
57999, 1563810412, 2019/7/22 15:46:52, Inactive
58999, 1563810413, 2019/7/22 15:46:53, Inactive
59999, 1563810414, 2019/7/22 15:46:54, Active
60999, 1563810415, 2019/7/22 15:46:55, Active
62000, 1563810416, 2019/7/22 15:46:56, Inactive
62999, 1563810417, 2019/7/22 15:46:57, Inactive
64000, 1563810418, 2019/7/22 15:46:58, Inactive
64999, 1563810419, 2019/7/22 15:46:59, Inactive
65999, 1563810420, 2019/7/22 15:47:0, Inactive
66999, 1563810421, 2019/7/22 15:47:1, Inactive
67999, 1563810422, 2019/7/22 15:47:2, Inactive
68999, 1563810423, 2019/7/22 15:47:3, Inactive
69999, 1563810424, 2019/7/22 15:47:4, Inactive
70999, 1563810425, 2019/7/22 15:47:5, Inactive
71999, 1563810426, 2019/7/22 15:47:6, Inactive
72999, 1563810427, 2019/7/22 15:47:7, Active
73999, 1563810428, 2019/7/22 15:47:8, Inactive
74999, 1563810429, 2019/7/22 15:47:9, Inactive
75999, 1563810430, 2019/7/22 15:47:10, Inactive
76999, 1563810431, 2019/7/22 15:47:11, Inactive
77999, 1563810432, 2019/7/22 15:47:12, Active
78999, 1563810433, 2019/7/22 15:47:13, Active
80000, 1563810434, 2019/7/22 15:47:14, Inactive
80999, 1563810435, 2019/7/22 15:47:15, Inactive
81999, 1563810436, 2019/7/22 15:47:16, Inactive
82999, 1563810437, 2019/7/22 15:47:17, Active
83999, 1563810438, 2019/7/22 15:47:18, Inactive
84999, 1563810439, 2019/7/22 15:47:19, Inactive
85999, 1563810440, 2019/7/22 15:47:20, Inactive
87000, 1563810441, 2019/7/22 15:47:21, Inactive
87999, 1563810442, 2019/7/22 15:47:22, Active
88999, 1563810443, 2019/7/22 15:47:23, Inactive
89999, 1563810444, 2019/7/22 15:47:24, Inactive
90999, 1563810445, 2019/7/22 15:47:25, Inactive
91999, 1563810446, 2019/7/22 15:47:26, Active
92999, 1563810447, 2019/7/22 15:47:27, Active
94000, 1563810448, 2019/7/22 15:47:28, Inactive
94999, 1563810449, 2019/7/22 15:47:29, Inactive
96000, 1563810450, 2019/7/22 15:47:30, Active
96999, 1563810451, 2019/7/22 15:47:31, Active
97999, 1563810452, 2019/7/22 15:47:32, Inactive
98999, 1563810453, 2019/7/22 15:47:33, Inactive
99999, 1563810454, 2019/7/22 15:47:34, Active
100999, 1563810455, 2019/7/22 15:47:35, Active
101999, 1563810456, 2019/7/22 15:47:36, Inactive
103000, 1563810457, 2019/7/22 15:47:37, Inactive
103999, 1563810458, 2019/7/22 15:47:38, Inactive
104999, 1563810459, 2019/7/22 15:47:39, Inactive
105999, 1563810460, 2019/7/22 15:47:40, Active
106999, 1563810461, 2019/7/22 15:47:41, Active
107999, 1563810462, 2019/7/22 15:47:42, Inactive
108999, 1563810463, 2019/7/22 15:47:43, Inactive
109999, 1563810464, 2019/7/22 15:47:44, Inactive
110999, 1563810465, 2019/7/22 15:47:45, Active
112000, 1563810466, 2019/7/22 15:47:46, Inactive
112999, 1563810467, 2019/7/22 15:47:47, Inactive
113999, 1563810468, 2019/7/22 15:47:48, Inactive
114999, 1563810469, 2019/7/22 15:47:49, Active
115999, 1563810470, 2019/7/22 15:47:50, Active
116999, 1563810471, 2019/7/22 15:47:51, Inactive
117999, 1563810472, 2019/7/22 15:47:52, Inactive
118999, 1563810473, 2019/7/22 15:47:53, Inactive
119999, 1563810474, 2019/7/22 15:47:54, Active
120999, 1563810475, 2019/7/22 15:47:55, Inactive
121999, 1563810476, 2019/7/22 15:47:56, Inactive
122999, 1563810477, 2019/7/22 15:47:57, Inactive
123999, 1563810478, 2019/7/22 15:47:58, Active
124999, 1563810479, 2019/7/22 15:47:59, Inactive
126000, 1563810480, 2019/7/22 15:48:0, Inactive
126999, 1563810481, 2019/7/22 15:48:1, Inactive
127998, 1563810482, 2019/7/22 15:48:2, Inactive
128999, 1563810483, 2019/7/22 15:48:3, Active
129999, 1563810484, 2019/7/22 15:48:4, Active
130999, 1563810485, 2019/7/22 15:48:5, Inactive
131999, 1563810486, 2019/7/22 15:48:6, Inactive
133000, 1563810487, 2019/7/22 15:48:7, Active
133999, 1563810488, 2019/7/22 15:48:8, Active
134999, 1563810489, 2019/7/22 15:48:9, Inactive
135999, 1563810490, 2019/7/22 15:48:10, Inactive
136999, 1563810491, 2019/7/22 15:48:11, Inactive
137999, 1563810492, 2019/7/22 15:48:12, Active
138999, 1563810493, 2019/7/22 15:48:13, Active
139999, 1563810494, 2019/7/22 15:48:14, Inactive
140999, 1563810495, 2019/7/22 15:48:15, Inactive
141999, 1563810496, 2019/7/22 15:48:16, Inactive
142999, 1563810497, 2019/7/22 15:48:17, Active
144000, 1563810498, 2019/7/22 15:48:18, Inactive
144999, 1563810499, 2019/7/22 15:48:19, Inactive
145999, 1563810500, 2019/7/22 15:48:20, Inactive
147000, 1563810501, 2019/7/22 15:48:21, Active
147999, 1563810502, 2019/7/22 15:48:22, Inactive
148999, 1563810503, 2019/7/22 15:48:23, Inactive
149999, 1563810504, 2019/7/22 15:48:24, Inactive
151000, 1563810505, 2019/7/22 15:48:25, Inactive
151999, 1563810506, 2019/7/22 15:48:26, Inactive
152999, 1563810507, 2019/7/22 15:48:27, Active
153999, 1563810508, 2019/7/22 15:48:28, Active
154999, 1563810509, 2019/7/22 15:48:29, Inactive
155999, 1563810510, 2019/7/22 15:48:30, Inactive
156999, 1563810511, 2019/7/22 15:48:31, Inactive
157999, 1563810512, 2019/7/22 15:48:32, Inactive
158999, 1563810513, 2019/7/22 15:48:33, Inactive
160000, 1563810514, 2019/7/22 15:48:34, Active
160999, 1563810515, 2019/7/22 15:48:35, Active
161999, 1563810516, 2019/7/22 15:48:36, Inactive
162999, 1563810517, 2019/7/22 15:48:37, Inactive
163999, 1563810518, 2019/7/22 15:48:38, Inactive
164999, 1563810519, 2019/7/22 15:48:39, Active
165999, 1563810520, 2019/7/22 15:48:40, Active
166999, 1563810521, 2019/7/22 15:48:41, Inactive
167999, 1563810522, 2019/7/22 15:48:42, Inactive
168999, 1563810523, 2019/7/22 15:48:43, Inactive
169999, 1563810524, 2019/7/22 15:48:44, Active
170999, 1563810525, 2019/7/22 15:48:45, Active
171999, 1563810526, 2019/7/22 15:48:46, Inactive
172999, 1563810527, 2019/7/22 15:48:47, Inactive
174000, 1563810528, 2019/7/22 15:48:48, Inactive
174999, 1563810529, 2019/7/22 15:48:49, Active
176000, 1563810530, 2019/7/22 15:48:50, Inactive
176999, 1563810531, 2019/7/22 15:48:51, Inactive
177999, 1563810532, 2019/7/22 15:48:52, Inactive
178999, 1563810533, 2019/7/22 15:48:53, Active
179999, 1563810534, 2019/7/22 15:48:54, Active
181000, 1563810535, 2019/7/22 15:48:55, Inactive
181998, 1563810536, 2019/7/22 15:48:56, Inactive
182999, 1563810537, 2019/7/22 15:48:57, Active
183999, 1563810538, 2019/7/22 15:48:58, Active
